,Unnamed: 0,Rank,Name,OVR,PAC,SHO,PAS,DRI,DEF,PHY,Acceleration,Sprint Speed,Positioning,Finishing,Shot Power,Long Shots,Volleys,Penalties,Vision,Crossing,Free Kick Accuracy,Short Passing,Long Passing,Curve,Dribbling,Agility,Balance,Reactions,Ball Control,Composure,Interceptions,Heading Accuracy,Def Awareness,Standing Tackle,Sliding Tackle,Jumping,Stamina,Strength,Aggression,Position,Weak foot,Skill moves,Preferred foot,Height,Weight,Alternative positions,Age,Nation,League,Team,play style,url,GK Diving,GK Handling,GK Kicking,GK Positioning,GK Reflexes
7,7,12,Martin Ødegaard,89,70,82,89,89,67,66,72,69,84,83,82,84,79,68,91,86,85,91,89,84,89,85,83,91,91,87,69,55,68,72,57,66,88,56,64,CM,2,5,Left,"178cm / 5'10""",68kg / 150lb,CAM,25,Norway,Premier League,Arsenal,"Incisive Pass+, First Touch, Flair, Pinged Pass, Technical, Trivela, Whipped Pass",https://www.ea.com/games/ea-sports-fc/ratings/player-ratings/martin-degaard/222665,,,,,
27,27,44,William Saliba,87,82,39,70,74,87,83,77,86,43,35,60,23,34,47,62,58,35,84,78,55,74,53,46,86,82,85,86,79,88,89,86,89,72,87,83,CB,3,2,Right,"193cm / 6'4""",85kg / 187lb,,23,France,Premier League,Arsenal,"Anticipate+, Jockey",https://www.ea.com/games/ea-sports-fc/ratings/player-ratings/william-saliba/243715,,,,,
30,30,47,Bukayo Saka,87,85,83,81,88,60,70,88,83,82,84,79,83,79,87,86,85,69,83,70,84,89,85,88,85,88,82,62,49,60,62,60,71,86,63,68,RW,4,3,Left,"178cm / 5'10""",65kg / 143lb,RM,23,England,Premier League,Arsenal,"Finesse Shot, Flair, Technical, Whipped Pass",https://www.ea.com/games/ea-sports-fc/ratings/player-ratings/bukayo-saka/246669,,,,,
34,34,53,Declan Rice,87,73,72,82,79,84,85,71,75,71,64,84,82,50,71,79,79,65,85,86,81,82,55,65,85,84,86,86,72,85,86,85,82,92,81,85,CDM,3,3,Right,"185cm / 6'1""",80kg / 176lb,CM,25,England,Premier League,Arsenal,"Block, Intercept, Long Ball Pass, Press Proven",https://www.ea.com/games/ea-sports-fc/ratings/player-ratings/declan-rice/234378,,,,,
46,46,69,Gabriel,86,69,41,63,61,86,82,61,76,44,37,62,30,28,40,59,38,27,80,76,47,54,51,37,85,71,74,86,87,87,86,86,86,71,86,87,CB,2,2,Left,"190cm / 6'3""",87kg / 192lb,,26,Brazil,Premier League,Arsenal,"Bruiser+, Aerial, Power Header",https://www.ea.com/games/ea-sports-fc/ratings/player-ratings/gabriel/232580,,,,,
78,78,101,Mikel Merino,85,72,79,82,82,83,82,72,72,83,79,85,79,58,70,83,77,69,86,84,80,83,74,73,86,85,80,85,87,80,84,76,88,83,80,83,CM,3,3,Left,"189cm / 6'2""",83kg / 183lb,CAM,28,Spain,Premier League,Arsenal,"Aerial, Incisive Pass, Power Shot, Relentless",https://www.ea.com/games/ea-sports-fc/ratings/player-ratings/mikel-merino/225193,,,,,
130,130,149,Benjamin White,84,73,35,77,78,83,80,70,75,59,30,53,27,23,24,76,77,20,84,82,64,78,68,61,84,83,83,84,78,83,84,82,83,83,78,81,RB,4,2,Right,"185cm / 6'1""",77kg / 170lb,CB,26,England,Premier League,Arsenal,Block,https://www.ea.com/games/ea-sports-fc/ratings/player-ratings/benjamin-white/231936,,,,,
148,148,222,Kai Havertz,83,77,81,80,82,49,72,74,79,86,83,79,78,80,83,82,75,53,84,80,84,84,75,54,84,86,84,43,83,45,47,41,86,77,75,56,ST,4,4,Left,"193cm / 6'4""",82kg / 181lb,CM,25,Germany,Premier League,Arsenal,"Aerial, Chip Shot, First Touch, Technical, Trivela",https://www.ea.com/games/ea-sports-fc/ratings/player-ratings/kai-havertz/235790,,,,,
161,161,222,Gabriel Martinelli,83,89,78,75,85,46,72,91,88,82,82,77,73,78,62,79,77,68,78,65,74,87,87,81,82,84,79,39,72,44,44,43,82,82,63,80,LW,3,4,Right,"178cm / 5'10""",75kg / 165lb,"RW, LM",23,Brazil,Premier League,Arsenal,"Finesse Shot, Flair, Quick Step, Technical, Trivela, Whipped Pass",https://www.ea.com/games/ea-sports-fc/ratings/player-ratings/gabriel-martinelli/251566,,,,,
176,176,222,David Raya,83,82,81,86,82,57,81,64,46,15,19,65,14,20,26,68,12,15,62,67,18,19,68,45,80,43,68,11,20,28,14,13,62,31,38,29,GK,3,1,Right,"183cm / 6'0""",75kg / 165lb,,28,Spain,Premier League,Arsenal,Cross Claimer,https://www.ea.com/games/ea-sports-fc/ratings/player-ratings/david-raya/220901,82.0,81.0,86.0,81.0,82.0
189,189,222,Leandro Trossard,83,82,81,80,85,30,61,87,77,83,83,81,79,78,75,81,79,69,82,77,83,84,92,85,80,84,84,18,65,30,31,18,75,76,57,47,LW,5,4,Right,"171cm / 5'7""",67kg / 148lb,"ST, LM",29,Belgium,Premier League,Arsenal,"Flair, Rapid, Trivela",https://www.ea.com/games/ea-sports-fc/ratings/player-ratings/leandro-trossard/207421,,,,,
221,221,322,Gabriel Jesus,82,83,80,75,88,39,77,86,81,85,80,83,78,79,75,79,73,54,81,66,75,88,92,90,88,87,78,32,77,45,30,28,88,81,72,82,ST,3,4,Right,"175cm / 5'9""",73kg / 161lb,,27,Brazil,Premier League,Arsenal,"First Touch, Flair, Relentless, Technical",https://www.ea.com/games/ea-sports-fc/ratings/player-ratings/gabriel-jesus/230666,,,,,
222,222,322,Jorginho,82,46,67,83,80,73,71,54,39,69,65,71,61,68,89,83,75,76,88,87,75,79,67,72,82,86,84,79,56,71,78,70,63,79,66,77,CDM,3,3,Right,"178cm / 5'10""",68kg / 150lb,CM,32,Italy,Premier League,Arsenal,"Anticipate, First Touch, Incisive Pass, Pinged Pass, Press Proven",https://www.ea.com/games/ea-sports-fc/ratings/player-ratings/jorginho/205498,,,,,
258,258,322,Thomas Partey,82,62,71,80,77,79,82,55,68,70,66,85,76,56,49,81,74,67,84,84,69,80,63,50,79,81,86,81,68,79,83,78,75,76,84,84,CDM,3,3,Right,"185cm / 6'1""",77kg / 170lb,CM,31,Ghana,Premier League,Arsenal,"Long Ball Pass, Pinged Pass, Press Proven",https://www.ea.com/games/ea-sports-fc/ratings/player-ratings/thomas-partey/209989,,,,,
339,339,458,Raheem Sterling,81,85,78,75,85,42,65,88,83,85,79,78,77,65,70,76,76,78,77,68,79,86,93,92,82,81,76,38,48,38,48,40,71,76,65,52,LM,3,4,Right,"172cm / 5'8""",69kg / 152lb,"RM, LW",29,England,Premier League,Arsenal,"Finesse Shot, Quick Step, Rapid",https://www.ea.com/games/ea-sports-fc/ratings/player-ratings/raheem-sterling/202652,,,,,
606,606,736,Kieran Tierney,79,80,60,75,77,76,75,78,82,75,52,79,66,38,42,74,82,56,78,68,73,79,76,74,79,76,75,77,59,78,78,77,76,77,71,84,LB,3,3,Left,"180cm / 5'11""",73kg / 161lb,,27,Scotland,Premier League,Arsenal,"Jockey, Long Throw, Rapid",https://www.ea.com/games/ea-sports-fc/ratings/player-ratings/kieran-tierney/226491,,,,,
608,608,736,Jurriën Timber,79,78,47,67,76,80,78,78,78,66,41,58,46,41,42,64,60,31,79,70,44,75,73,74,78,77,85,82,68,83,82,76,84,74,82,72,CB,3,3,Right,"179cm / 5'10""",78kg / 172lb,,23,Holland,Premier League,Arsenal,"Intercept, Jockey",https://www.ea.com/games/ea-sports-fc/ratings/player-ratings/jurrien-timber/251805,,,,,
619,619,736,Oleksandr Zinchenko,79,66,66,83,82,76,69,73,61,77,58,78,73,61,58,82,83,76,84,82,83,82,79,79,79,83,78,78,70,75,78,77,74,77,63,74,LB,3,3,Left,"175cm / 5'9""",64kg / 141lb,,27,Ukraine,Premier League,Arsenal,"Flair, Pinged Pass",https://www.ea.com/games/ea-sports-fc/ratings/player-ratings/oleksandr-zinchenko/227813,,,,,
655,655,970,Riccardo Calafiori,78,69,65,70,72,78,77,68,69,67,60,75,70,57,50,60,74,65,76,67,72,69,69,69,78,77,70,81,75,76,80,79,82,73,78,76,CB,4,3,Left,"188cm / 6'2""",86kg / 190lb,LB,22,Italy,Premier League,Arsenal,Intercept,https://www.ea.com/games/ea-sports-fc/ratings/player-ratings/riccardo-calafiori/257711,,,,,
739,739,970,Neto,78,80,72,73,82,53,76,55,50,11,15,55,20,12,22,43,11,13,37,42,12,18,58,48,78,23,60,15,14,17,14,15,68,40,62,40,GK,2,1,Right,"190cm / 6'3""",83kg / 183lb,,35,Brazil,Premier League,Arsenal,Cross Claimer,https://www.ea.com/games/ea-sports-fc/ratings/player-ratings/neto/194404,80.0,72.0,73.0,76.0,82.0
790,790,970,Takehiro Tomiyasu,78,69,33,67,72,80,80,70,69,58,29,42,28,30,37,63,65,37,75,71,48,71,69,67,78,74,72,78,74,81,82,81,84,77,82,78,RB,5,2,Right,"188cm / 6'2""",84kg / 185lb,LB,25,Japan,Premier League,Arsenal,Anticipate,https://www.ea.com/games/ea-sports-fc/ratings/player-ratings/takehiro-tomiyasu/232938,,,,,
1180,1180,1525,Jakub Kiwior,76,69,37,66,63,77,77,63,74,57,29,62,28,32,39,64,65,34,72,68,54,62,54,55,78,65,71,76,74,77,78,76,79,79,76,74,LB,3,2,Left,"189cm / 6'2""",75kg / 165lb,CB,24,Poland,Premier League,Arsenal,Block,https://www.ea.com/games/ea-sports-fc/ratings/player-ratings/jakub-kiwior/265693,,,,,
10429,10429,11203,Ethan Nwaneri,64,68,62,62,67,39,50,71,65,57,64,62,60,59,53,63,58,52,64,61,64,65,74,78,57,67,64,40,42,43,35,30,51,52,51,44,CAM,3,3,Left,"176cm / 5'9""",70kg / 154lb,,17,England,Premier League,Arsenal,,https://www.ea.com/games/ea-sports-fc/ratings/player-ratings/ethan-nwaneri/271807,,,,,
10529,10529,11203,Omar Rekik,64,68,38,55,59,62,69,69,68,45,31,49,38,40,44,55,40,34,64,63,42,57,57,63,64,61,64,62,61,62,63,64,71,63,70,73,CB,4,2,Right,"186cm / 6'1""",80kg / 176lb,,22,Tunisia,Premier League,Arsenal,,https://www.ea.com/games/ea-sports-fc/ratings/player-ratings/omar-rekik/258033,,,,,
12910,12910,13955,Salah-Eddine Oulad M'Hand,61,63,58,64,66,53,53,66,60,54,55,65,61,54,60,64,61,67,63,65,70,65,75,74,59,66,58,53,38,55,56,48,47,48,54,59,CM,4,3,Right,"177cm / 5'10""",70kg / 154lb,CAM,21,Holland,Premier League,Arsenal,"Flair, Long Ball Pass, Technical",https://www.ea.com/games/ea-sports-fc/ratings/player-ratings/salah-eddine-oulad-m-hand/259097,,,,,
1,1,2,Rodri,91,66,80,86,84,87,85,65,66,76,74,92,89,71,62,84,76,64,93,91,86,84,66,67,93,90,94,84,81,92,87,82,83,91,83,85,CDM,4,3,Right,"191cm / 6'3""",82kg / 181lb,CM,28,Spain,Premier League,Manchester City,"Tiki Taka+, Aerial, Bruiser, Long Ball Pass, Power Shot, Press Proven",https://www.ea.com/games/ea-sports-fc/ratings/player-ratings/rodri/231866,,,,,
2,2,4,Erling Haaland,91,88,92,70,81,45,88,80,94,96,96,94,83,90,90,74,58,62,77,66,77,79,77,69,94,83,87,43,83,38,47,29,92,76,93,88,ST,3,3,Left,"195cm / 6'5""",94kg / 207lb,,24,Norway,Premier League,Manchester City,"Acrobatic+, Bruiser, Power Header, Power Shot, Press Proven",https://www.ea.com/games/ea-sports-fc/ratings/player-ratings/erling-haaland/239085,,,,,
5,5,9,Kevin De Bruyne,90,67,87,94,87,65,78,67,67,88,84,92,90,83,83,95,95,83,94,93,93,86,75,78,92,92,88,66,55,66,70,53,71,88,75,75,CM,5,4,Right,"181cm / 5'11""",75kg / 165lb,CAM,33,Belgium,Premier League,Manchester City,"Incisive Pass+, Dead Ball, Long Ball Pass, Pinged Pass, Trivela, Whipped Pass",https://www.ea.com/games/ea-sports-fc/ratings/player-ratings/kevin-de-bruyne/192985,,,,,
15,15,23,Phil Foden,88,86,86,85,90,57,63,89,83,85,88,89,89,59,64,86,80,74,88,84,88,90,92,92,85,91,86,59,47,60,59,47,66,83,53,64,RW,3,4,Left,"171cm / 5'7""",69kg / 152lb,"LW, CAM, RM",24,England,Premier League,Manchester City,"Technical+, First Touch, Flair",https://www.ea.com/games/ea-sports-fc/ratings/player-ratings/phil-foden/237692,,,,,
18,18,29,Rúben Dias,88,67,39,70,69,89,87,65,68,39,29,74,26,32,45,64,54,48,85,81,46,64,62,56,89,75,86,87,87,90,90,87,88,78,90,88,CB,4,2,Right,"187cm / 6'2""",82kg / 181lb,,27,Portugal,Premier League,Manchester City,"Bruiser+, Power Header",https://www.ea.com/games/ea-sports-fc/ratings/player-ratings/ruben-dias/239818,,,,,
21,21,33,Ederson,88,87,82,91,87,64,86,64,63,20,14,68,18,18,65,70,20,20,65,68,39,30,60,48,88,45,70,27,14,29,15,8,79,44,78,38,GK,3,1,Left,"188cm / 6'2""",86kg / 190lb,,31,Brazil,Premier League,Manchester City,"Long Ball Pass+, Cross Claimer, Pinged Pass",https://www.ea.com/games/ea-sports-fc/ratings/player-ratings/ederson/210257,87.0,82.0,91.0,86.0,87.0
22,22,34,Bernardo Silva,88,75,78,86,92,71,69,83,69,85,78,79,79,78,64,87,84,67,91,82,84,93,95,92,89,92,89,73,54,70,76,68,68,93,54,78,CM,3,4,Left,"173cm / 5'8""",64kg / 141lb,RW,30,Portugal,Premier League,Manchester City,"Technical+, Flair, Relentless, Tiki Taka, Trivela, Whipped Pass",https://www.ea.com/games/ea-sports-fc/ratings/player-ratings/bernardo-silva/218667,,,,,
41,41,63,İlkay Gündoğan,87,62,83,85,87,74,73,65,60,86,85,81,84,75,80,86,77,80,89,85,86,88,77,77,86,91,87,78,50,77,78,67,67,75,73,70,CM,4,4,Right,"180cm / 5'11""",80kg / 176lb,CDM,33,Germany,Premier League,Manchester City,"First Touch+, Incisive Pass, Press Proven, Tiki Taka",https://www.ea.com/games/ea-sports-fc/ratings/player-ratings/ilkay-gundogan/186942,,,,,
86,86,101,John Stones,85,69,58,75,79,85,77,68,69,58,54,68,61,44,52,78,63,37,85,79,62,79,68,67,87,83,88,84,84,86,86,84,84,74,77,80,CB,4,3,Right,"188cm / 6'2""",76kg / 168lb,"CDM, RB",30,England,Premier League,Manchester City,"Aerial, Long Throw",https://www.ea.com/games/ea-sports-fc/ratings/player-ratings/john-stones/203574,,,,,
93,93,149,Manuel Akanji,84,78,48,71,75,85,82,76,80,37,38,75,48,42,40,65,55,59,83,80,54,76,66,54,86,78,83,84,79,86,86,84,90,71,86,82,CB,4,2,Right,"187cm / 6'2""",91kg / 201lb,,29,Switzerland,Premier League,Manchester City,,https://www.ea.com/games/ea-sports-fc/ratings/player-ratings/manuel-akanji/229237,,,,,
94,94,149,Nathan Aké,84,76,53,72,75,84,77,77,75,51,48,64,56,52,53,68,63,59,81,75,64,73,67,68,84,79,79,83,82,84,85,84,88,71,78,80,CB,3,2,Left,"180cm / 5'11""",75kg / 165lb,LB,29,Holland,Premier League,Manchester City,,https://www.ea.com/games/ea-sports-fc/ratings/player-ratings/nathan-ake/208920,,,,,
109,109,149,Jack Grealish,84,76,76,82,88,53,73,78,75,80,76,76,79,72,58,84,82,74,84,80,83,89,84,85,82,90,88,49,48,58,54,48,70,83,71,65,LW,3,4,Right,"180cm / 5'11""",81kg / 179lb,LM,29,England,Premier League,Manchester City,"Press Proven+, Finesse Shot, First Touch, Flair",https://www.ea.com/games/ea-sports-fc/ratings/player-ratings/jack-grealish/206517,,,,,
129,129,149,Kyle Walker,84,89,64,77,78,79,81,84,93,68,51,87,69,57,63,69,77,71,81,80,76,78,66,69,85,82,75,78,72,75,85,83,87,81,80,84,RB,2,3,Right,"183cm / 6'0""",83kg / 183lb,,34,England,Premier League,Manchester City,"Jockey, Long Throw, Rapid",https://www.ea.com/games/ea-sports-fc/ratings/player-ratings/kyle-walker/188377,,,,,
147,147,222,Joško Gvardiol,83,79,69,74,78,83,83,80,79,67,64,81,72,60,61,68,72,59,80,76,74,79,68,67,84,81,81,82,78,83,84,84,90,79,83,86,LB,4,3,Left,"185cm / 6'1""",80kg / 176lb,CB,22,Croatia,Premier League,Manchester City,"Block+, Jockey, Long Ball Pass, Pinged Pass, Power Header",https://www.ea.com/games/ea-sports-fc/ratings/player-ratings/josko-gvardiol/251517,,,,,
154,154,222,Mateo Kovačić,83,69,67,82,87,71,70,75,64,75,58,78,76,76,59,82,73,70,89,84,78,87,86,84,84,88,84,76,42,73,75,68,63,75,66,77,CM,4,4,Right,"177cm / 5'10""",80kg / 176lb,CDM,30,Croatia,Premier League,Manchester City,"Flair, Incisive Pass, Pinged Pass, Press Proven",https://www.ea.com/games/ea-sports-fc/ratings/player-ratings/mateo-kovacic/207410,,,,,
253,253,322,Savinho,82,88,72,77,84,30,53,90,87,78,76,69,67,63,62,79,80,55,81,70,78,87,90,76,77,83,74,25,45,26,30,36,62,73,45,45,LW,2,4,Left,"176cm / 5'9""",71kg / 157lb,LM,20,Brazil,Premier League,Manchester City,Technical,https://www.ea.com/games/ea-sports-fc/ratings/player-ratings/savinho/270409,,,,,
326,326,458,Stefan Ortega,81,79,77,86,84,52,81,51,53,10,15,65,12,13,24,66,18,12,50,60,30,26,42,54,78,41,56,27,20,29,12,15,73,33,73,29,GK,4,1,Right,"185cm / 6'1""",88kg / 194lb,,31,Germany,Premier League,Manchester City,"Far Reach, Footwork",https://www.ea.com/games/ea-sports-fc/ratings/player-ratings/stefan-ortega/200159,79.0,77.0,86.0,81.0,84.0
383,383,577,Jérémy Doku,80,92,72,73,86,30,68,95,89,76,73,77,71,59,51,74,70,54,78,69,72,89,93,92,77,81,75,18,37,40,28,25,72,63,73,62,LW,3,4,Right,"173cm / 5'8""",77kg / 170lb,"RW, LM",22,Belgium,Premier League,Manchester City,"Rapid+, Flair, Quick Step, Trickster",https://www.ea.com/games/ea-sports-fc/ratings/player-ratings/jeremy-doku/246420,,,,,
724,724,970,Matheus Nunes,78,83,71,74,81,73,76,79,86,77,71,77,68,59,62,77,59,58,80,79,74,83,78,71,78,81,80,78,53,74,75,74,74,79,74,76,CM,3,3,Right,"183cm / 6'0""",76kg / 168lb,LM,26,Portugal,Premier League,Manchester City,Press Proven,https://www.ea.com/games/ea-sports-fc/ratings/player-ratings/matheus-nunes/253124,,,,,
1194,1194,1525,Rico Lewis,76,78,54,73,81,71,57,81,75,70,53,61,51,30,50,73,72,42,82,73,54,81,84,82,79,82,77,71,58,72,75,72,65,69,47,66,RB,3,3,Right,"169cm / 5'7""",70kg / 154lb,CDM,19,England,Premier League,Manchester City,Block,https://www.ea.com/games/ea-sports-fc/ratings/player-ratings/rico-lewis/271574,,,,,
2746,2746,3521,Oscar Bobb,72,80,62,71,79,33,41,84,76,64,64,66,54,55,63,72,60,58,79,73,67,81,81,80,62,79,68,24,48,32,34,31,46,50,34,44,RW,3,4,Left,"174cm / 5'9""",73kg / 161lb,RM,21,Norway,Premier League,Manchester City,"Incisive Pass, Technical",https://www.ea.com/games/ea-sports-fc/ratings/player-ratings/oscar-bobb/277295,,,,,
4437,4437,5037,James McAtee,70,70,64,67,73,41,60,72,69,68,64,66,67,53,58,67,65,56,71,67,67,74,72,53,68,76,65,33,42,44,42,43,59,69,62,43,RW,3,3,Left,"180cm / 5'11""",72kg / 159lb,"CM, CAM, RM",21,England,Premier League,Manchester City,"First Touch, Flair, Incisive Pass, Technical",https://www.ea.com/games/ea-sports-fc/ratings/player-ratings/james-mc-atee/264349,,,,,
7617,7617,7937,Joshua Wilson-Esbrand,67,81,41,60,69,62,58,80,82,62,37,54,36,28,45,54,65,61,64,56,56,72,77,85,60,64,54,63,51,55,69,67,66,62,55,60,LB,3,2,Left,"176cm / 5'9""",65kg / 143lb,,21,England,Premier League,Manchester City,,https://www.ea.com/games/ea-sports-fc/ratings/player-ratings/joshua-wilson-esbrand/264681,,,,,
7887,7887,9009,Kayky,66,79,58,57,72,28,45,83,75,61,64,62,40,50,64,63,57,39,60,55,45,73,83,76,49,71,58,22,38,24,30,31,50,60,43,31,RW,3,3,Left,"175cm / 5'9""",67kg / 148lb,RM,21,Brazil,Premier League,Manchester City,Technical,https://www.ea.com/games/ea-sports-fc/ratings/player-ratings/kayky/269688,,,,,
10231,10231,11203,Jadel Katongo,64,70,36,55,58,61,68,69,71,51,32,41,36,32,35,54,55,32,61,55,47,55,65,61,62,60,58,62,59,60,62,61,71,69,71,59,RB,3,2,Right,"184cm / 6'0""",81kg / 179lb,"CB, CDM",20,England,Premier League,Manchester City,,https://www.ea.com/games/ea-sports-fc/ratings/player-ratings/jadel-katongo/277961,,,,,
37,37,57,Bruno Fernandes,87,70,85,88,83,65,75,72,68,87,84,86,85,87,90,94,82,82,89,90,85,83,78,76,90,86,79,63,63,62,71,66,70,95,61,84,CAM,3,4,Right,"179cm / 5'10""",69kg / 152lb,CM,30,Portugal,Premier League,Man Utd,"Long Ball Pass+, Dead Ball, First Touch, Flair, Incisive Pass, Pinged Pass, Relentless",https://www.ea.com/games/ea-sports-fc/ratings/player-ratings/bruno-fernandes/212198,,,,,
101,101,149,Matthijs de Ligt,84,62,61,63,67,85,83,54,68,44,50,84,75,45,40,45,52,55,77,76,48,65,52,62,84,72,82,82,85,85,85,86,86,64,91,85,CB,3,2,Right,"189cm / 6'2""",89kg / 196lb,,25,Holland,Premier League,Man Utd,"Block, Bruiser, Long Ball Pass, Power Shot",https://www.ea.com/games/ea-sports-fc/ratings/player-ratings/matthijs-de-ligt/235243,,,,,
116,116,149,Lisandro Martínez,84,71,59,78,79,85,81,74,68,62,52,73,64,56,55,76,75,55,83,83,77,76,77,82,84,81,87,85,75,86,87,84,84,75,79,91,CB,4,3,Left,"178cm / 5'10""",77kg / 170lb,,26,Argentina,Premier League,Man Utd,"Bruiser, Long Ball Pass, Slide Tackle",https://www.ea.com/games/ea-sports-fc/ratings/player-ratings/lisandro-martinez/239301,,,,,
126,126,149,Casemiro,84,38,74,77,69,82,82,35,40,71,69,82,78,77,66,77,68,70,83,81,75,68,48,51,83,77,79,82,80,81,84,83,75,73,84,91,CDM,3,2,Right,"185cm / 6'1""",84kg / 185lb,CM,32,Brazil,Premier League,Man Utd,"Block, Bruiser, Long Ball Pass, Slide Tackle",https://www.ea.com/games/ea-sports-fc/ratings/player-ratings/casemiro/200145,,,,,
165,165,222,André Onana,83,83,75,87,86,61,79,62,60,11,12,65,17,13,27,68,15,17,57,58,30,26,66,53,83,40,65,15,20,12,18,14,79,40,78,38,GK,3,1,Right,"190cm / 6'3""",93kg / 205lb,,28,Cameroon,Premier League,Man Utd,"1v1 Close Down, Footwork",https://www.ea.com/games/ea-sports-fc/ratings/player-ratings/andre-onana/226753,83.0,75.0,87.0,79.0,86.0
212,212,322,Diogo Dalot,82,85,63,77,80,79,79,84,86,78,54,82,71,44,47,78,79,52,79,74,81,81,76,71,80,81,76,79,77,76,80,82,88,83,75,81,RB,4,4,Right,"183cm / 6'0""",76kg / 168lb,LB,25,Portugal,Premier League,Man Utd,"Slide Tackle, Technical",https://www.ea.com/games/ea-sports-fc/ratings/player-ratings/diogo-dalot/234574,,,,,
266,266,322,Luke Shaw,82,75,57,82,78,81,78,72,77,78,46,80,56,65,38,80,85,67,84,77,84,78,66,74,80,82,83,83,76,80,83,79,84,73,77,85,LB,2,3,Left,"181cm / 5'11""",75kg / 165lb,CB,29,England,Premier League,Man Utd,Jockey,https://www.ea.com/games/ea-sports-fc/ratings/player-ratings/luke-shaw/205988,,,,,
319,319,458,Noussair Mazraoui,81,78,66,77,83,77,71,83,73,80,69,68,61,56,44,77,79,42,83,76,69,83,86,74,79,84,79,81,65,76,77,81,78,76,68,69,RB,3,3,Right,"183cm / 6'0""",65kg / 143lb,LB,26,Morocco,Premier League,Man Utd,"Anticipate, Flair, Intercept, Jockey, Technical",https://www.ea.com/games/ea-sports-fc/ratings/player-ratings/noussair-mazraoui/236401,,,,,
330,330,458,Marcus Rashford,81,89,83,76,82,33,64,87,91,81,80,93,80,73,85,77,74,75,78,72,80,84,79,69,79,82,76,27,71,30,29,24,82,68,65,52,LM,3,5,Right,"186cm / 6'1""",70kg / 154lb,"ST, LW",26,England,Premier League,Man Utd,"Power Shot+, Flair, Quick Step, Technical",https://www.ea.com/games/ea-sports-fc/ratings/player-ratings/marcus-rashford/231677,,,,,
342,342,458,Manuel Ugarte,81,69,65,73,77,78,80,70,69,75,65,67,65,45,62,75,62,58,79,78,62,78,69,72,78,77,82,83,55,79,82,78,73,83,77,87,CDM,3,3,Right,"182cm / 6'0""",77kg / 170lb,CM,23,Uruguay,Premier League,Man Utd,"Bruiser, Intercept, Slide Tackle",https://www.ea.com/games/ea-sports-fc/ratings/player-ratings/manuel-ugarte/253306,,,,,
415,415,577,Harry Maguire,80,37,57,70,65,80,82,37,37,61,48,82,50,49,68,69,51,46,79,82,67,68,33,33,78,71,81,82,84,80,80,70,81,66,89,84,CB,3,2,Right,"193cm / 6'4""",100kg / 220lb,,31,England,Premier League,Man Utd,"Aerial, Block, Long Ball Pass, Power Header",https://www.ea.com/games/ea-sports-fc/ratings/player-ratings/harry-maguire/203263,,,,,
517,517,736,Alejandro Garnacho,79,86,75,72,81,37,59,88,84,78,77,78,69,76,56,73,75,61,77,57,75,81,87,88,77,80,72,40,44,36,37,29,60,77,47,66,LM,4,3,Right,"180cm / 5'11""",72kg / 159lb,"RM, LW",20,Argentina,Premier League,Man Utd,"Acrobatic, Finesse Shot, Flair, Quick Step, Technical",https://www.ea.com/games/ea-sports-fc/ratings/player-ratings/alejandro-garnacho/268438,,,,,
620,620,736,Joshua Zirkzee,79,73,77,72,83,37,73,74,73,82,79,76,75,75,77,79,58,66,79,68,68,84,84,61,78,86,83,28,73,40,30,28,85,69,82,51,ST,3,4,Right,"193cm / 6'4""",89kg / 196lb,,23,Holland,Premier League,Man Utd,"First Touch, Flair, Incisive Pass, Technical",https://www.ea.com/games/ea-sports-fc/ratings/player-ratings/joshua-zirkzee/250961,,,,,
675,675,970,Christian Eriksen,78,50,74,83,76,53,50,53,48,75,70,79,78,76,71,83,82,83,83,84,85,74,62,71,77,84,80,53,49,54,60,35,50,66,49,34,CM,5,4,Right,"182cm / 6'0""",76kg / 168lb,CDM,32,Denmark,Premier League,Man Utd,"Dead Ball, Flair, Incisive Pass, Whipped Pass",https://www.ea.com/games/ea-sports-fc/ratings/player-ratings/christian-eriksen/190460,,,,,
705,705,970,Rasmus Højlund,78,85,77,59,74,33,84,84,86,81,79,84,70,68,71,65,38,48,73,49,60,76,64,62,77,76,75,28,71,32,28,19,91,78,87,82,ST,3,3,Left,"191cm / 6'3""",79kg / 174lb,,21,Denmark,Premier League,Man Utd,"Flair, Quick Step, Rapid",https://www.ea.com/games/ea-sports-fc/ratings/player-ratings/rasmus-h-jlund/259399,,,,,
721,721,970,Victor Lindelöf,78,52,51,73,72,80,74,51,53,51,42,72,52,38,60,72,62,53,80,82,67,70,62,60,78,77,83,83,75,80,81,78,75,69,76,76,CB,4,3,Right,"187cm / 6'2""",80kg / 176lb,LB,30,Sweden,Premier League,Man Utd,,https://www.ea.com/games/ea-sports-fc/ratings/player-ratings/victor-lindelof/221660,,,,,
738,738,970,Mason Mount,78,70,77,81,79,61,65,73,68,78,76,80,78,75,69,79,81,83,82,81,82,80,76,75,78,80,82,63,55,58,66,53,66,75,57,73,CM,4,3,Right,"181cm / 5'11""",74kg / 163lb,CAM,25,England,Premier League,Man Utd,,https://www.ea.com/games/ea-sports-fc/ratings/player-ratings/mason-mount/233064,,,,,
802,802,970,Leny Yoro,78,73,41,59,61,79,73,65,79,41,38,51,37,35,40,60,47,32,74,58,37,55,55,61,79,68,72,79,76,77,82,80,81,69,75,73,CB,3,2,Right,"190cm / 6'3""",75kg / 165lb,,18,France,Premier League,Man Utd,,https://www.ea.com/games/ea-sports-fc/ratings/player-ratings/leny-yoro/269087,,,,,
938,938,1218,Kobbie Mainoo,77,74,66,74,81,73,72,77,72,73,71,69,58,52,55,76,65,41,79,79,76,82,79,88,76,80,83,74,64,72,76,73,78,71,72,70,CDM,3,3,Right,"181cm / 5'11""",80kg / 176lb,CM,19,England,Premier League,Man Utd,"Finesse Shot, Long Ball Pass, Press Proven",https://www.ea.com/games/ea-sports-fc/ratings/player-ratings/kobbie-mainoo/269136,,,,,
944,944,1218,Antony,77,82,70,72,82,43,72,86,78,73,68,73,72,62,66,74,72,70,74,62,84,80,89,91,76,82,78,50,45,40,45,28,68,84,60,86,RM,1,5,Left,"172cm / 5'8""",63kg / 139lb,RW,24,Brazil,Premier League,Man Utd,"Finesse Shot, Flair, Technical, Trickster",https://www.ea.com/games/ea-sports-fc/ratings/player-ratings/antony/255475,,,,,
1070,1070,1525,Altay Bayındır,76,78,73,72,79,30,76,30,31,14,10,54,11,15,16,55,11,14,40,45,10,10,51,24,69,16,60,14,14,14,13,10,61,31,68,29,GK,2,1,Right,"198cm / 6'6""",88kg / 194lb,,26,Turkey,Premier League,Man Utd,,https://www.ea.com/games/ea-sports-fc/ratings/player-ratings/altay-bay-nd-r/243647,78.0,73.0,72.0,76.0,79.0
1203,1203,1525,Tyrell Malacia,76,78,54,67,76,73,73,79,78,53,49,64,58,56,45,60,69,49,75,64,61,76,84,89,68,73,74,75,57,69,78,80,74,70,70,83,LB,3,3,Left,"169cm / 5'7""",67kg / 148lb,,25,Holland,Premier League,Man Utd,Slide Tackle,https://www.ea.com/games/ea-sports-fc/ratings/player-ratings/tyrell-malacia/238041,,,,,
1413,1413,1888,Amad Diallo,75,85,71,68,80,25,50,88,82,74,74,74,69,54,63,71,68,60,69,60,71,79,92,87,69,80,69,22,48,19,25,22,61,65,45,42,RM,4,4,Left,"173cm / 5'8""",67kg / 148lb,"CAM, RW",22,Côte d'Ivoire,Premier League,Man Utd,"Flair, Technical",https://www.ea.com/games/ea-sports-fc/ratings/player-ratings/amad-diallo/254088,,,,,
1816,1816,2318,Jonny Evans,74,33,32,62,56,76,70,32,33,31,28,42,24,46,44,59,52,37,73,68,42,50,30,55,74,68,81,79,76,78,73,70,71,53,75,77,CB,5,2,Right,"188cm / 6'2""",77kg / 170lb,,36,Northern Ireland,Premier League,Man Utd,Long Ball Pass,https://www.ea.com/games/ea-sports-fc/ratings/player-ratings/jonny-evans/169588,,,,,
10730,10730,11203,Ethan Wheatley,64,72,64,49,63,31,63,70,74,62,66,68,58,57,64,53,38,44,55,43,54,64,68,63,57,62,63,25,61,29,30,21,71,62,67,50,ST,4,3,Right,"188cm / 6'2""",81kg / 179lb,,18,England,Premier League,Man Utd,,https://www.ea.com/games/ea-sports-fc/ratings/player-ratings/ethan-wheatley/71973,,,,,
9,9,15,Alisson,89,86,85,85,89,56,90,60,49,13,13,64,14,20,23,66,17,18,60,58,19,27,40,37,87,42,66,11,29,15,19,16,82,32,78,27,GK,3,1,Right,"193cm / 6'4""",91kg / 201lb,,31,Brazil,Premier League,Liverpool,"Deflector+, 1v1 Close Down, Far Throw",https://www.ea.com/games/ea-sports-fc/ratings/player-ratings/alisson/212831,86.0,85.0,85.0,90.0,89.0
12,12,20,Virgil van Dijk,89,78,60,71,71,89,86,66,87,47,52,81,64,45,62,67,53,70,80,86,60,70,54,50,88,77,90,88,87,90,91,86,89,72,93,85,CB,3,2,Right,"193cm / 6'4""",92kg / 203lb,,33,Holland,Premier League,Liverpool,"Aerial+, Anticipate, Block, Bruiser, Jockey, Long Ball Pass, Power Header",https://www.ea.com/games/ea-sports-fc/ratings/player-ratings/virgil-van-dijk/203376,,,,,
14,14,22,Mohamed Salah,89,89,87,82,88,45,75,89,89,92,90,82,84,83,81,85,80,69,86,77,84,88,89,91,93,86,88,55,59,38,43,41,79,87,73,63,RW,3,4,Left,"175cm / 5'9""",72kg / 159lb,RM,32,Egypt,Premier League,Liverpool,"Finesse Shot+, Chip Shot, Rapid, Trivela",https://www.ea.com/games/ea-sports-fc/ratings/player-ratings/mohamed-salah/209331,,,,,
53,53,79,Alexis Mac Allister,86,69,82,85,84,76,76,71,67,80,79,88,82,77,86,86,79,82,87,86,83,84,82,83,85,86,84,78,61,77,79,73,72,87,69,83,CM,3,3,Right,"176cm / 5'9""",72kg / 159lb,CDM,25,Argentina,Premier League,Liverpool,"Pinged Pass+, Dead Ball, Incisive Pass, Power Shot, Press Proven",https://www.ea.com/games/ea-sports-fc/ratings/player-ratings/alexis-mac-allister/239837,,,,,
56,56,86,Trent Alexander-Arnold,86,75,72,90,80,80,74,72,78,79,64,85,76,68,66,89,93,85,89,92,88,79,73,72,85,85,82,84,69,78,82,78,75,89,68,69,RB,4,3,Right,"180cm / 5'11""",72kg / 159lb,,25,England,Premier League,Liverpool,"Whipped Pass+, Dead Ball, Incisive Pass, Long Ball Pass, Relentless",https://www.ea.com/games/ea-sports-fc/ratings/player-ratings/trent-alexander-arnold/231281,,,,,
83,83,101,Andrew Robertson,85,78,61,82,79,81,78,79,78,78,55,76,65,32,55,82,87,71,83,76,82,78,75,74,85,82,83,81,67,82,83,81,76,93,67,85,LB,2,3,Left,"178cm / 5'10""",64kg / 141lb,,30,Scotland,Premier League,Liverpool,"Relentless+, Rapid, Whipped Pass",https://www.ea.com/games/ea-sports-fc/ratings/player-ratings/andrew-robertson/216267,,,,,
88,88,101,Diogo Jota,85,82,82,75,84,57,79,85,80,88,85,86,76,79,69,78,73,58,77,72,77,83,86,87,88,85,83,56,86,53,57,45,91,80,75,85,ST,5,4,Right,"178cm / 5'10""",70kg / 154lb,LW,27,Portugal,Premier League,Liverpool,"Rapid, Relentless",https://www.ea.com/games/ea-sports-fc/ratings/player-ratings/diogo-jota/224458,,,,,
98,98,149,Federico Chiesa,84,93,83,76,86,52,75,92,93,84,84,86,83,84,62,77,75,62,78,76,78,87,90,84,84,83,82,54,53,51,51,48,76,84,70,74,RW,4,4,Right,"175cm / 5'9""",70kg / 154lb,"LW, ST, RM",26,Italy,Premier League,Liverpool,"Finesse Shot, Flair, Quick Step, Rapid, Trivela",https://www.ea.com/games/ea-sports-fc/ratings/player-ratings/federico-chiesa/235805,,,,,
104,104,149,Luis Díaz,84,90,80,75,87,39,75,91,90,83,80,84,81,81,63,77,76,58,76,71,77,89,88,77,83,87,82,28,64,35,42,34,80,87,69,74,LW,4,4,Right,"180cm / 5'11""",73kg / 161lb,"RW, LM",27,Colombia,Premier League,Liverpool,"Flair, Quick Step, Technical",https://www.ea.com/games/ea-sports-fc/ratings/player-ratings/luis-diaz/241084,,,,,
143,143,222,Cody Gakpo,83,82,83,78,83,48,75,84,81,82,83,86,83,77,68,80,83,76,79,70,78,86,75,67,81,85,83,45,81,46,48,31,91,76,78,63,ST,4,4,Right,"189cm / 6'2""",76kg / 168lb,LW,25,Holland,Premier League,Liverpool,"Press Proven, Trivela",https://www.ea.com/games/ea-sports-fc/ratings/player-ratings/cody-gakpo/242516,,,,,
152,152,222,Ibrahima Konaté,83,75,34,59,68,83,84,69,80,37,29,45,31,28,41,57,38,27,76,70,32,69,55,34,81,74,78,82,81,82,85,81,83,71,90,83,CB,3,3,Right,"194cm / 6'4""",95kg / 209lb,,25,France,Premier League,Liverpool,"Aerial, Block, Bruiser",https://www.ea.com/games/ea-sports-fc/ratings/player-ratings/ibrahima-konate/237678,,,,,
255,255,322,Darwin Núñez,82,90,80,72,78,46,86,88,92,86,79,86,77,78,78,78,69,61,74,68,75,79,74,66,82,79,76,44,80,39,47,36,94,88,85,84,ST,3,3,Right,"187cm / 6'2""",81kg / 179lb,,25,Uruguay,Premier League,Liverpool,"Quick Step, Rapid, Relentless",https://www.ea.com/games/ea-sports-fc/ratings/player-ratings/darwin-nunez/253072,,,,,
340,340,458,Dominik Szoboszlai,81,82,80,84,80,59,70,76,87,79,77,89,78,85,79,83,85,87,83,81,90,81,78,68,80,81,79,57,60,58,61,54,74,82,67,63,CAM,4,4,Right,"186cm / 6'1""",74kg / 163lb,CM,23,Hungary,Premier League,Liverpool,"Dead Ball, Flair, Power Shot, Technical, Trivela, Whipped Pass",https://www.ea.com/games/ea-sports-fc/ratings/player-ratings/dominik-szoboszlai/236772,,,,,
385,385,577,Wataru Endo,80,60,68,71,78,79,76,70,52,69,67,76,73,36,62,77,58,49,80,78,45,78,72,81,78,80,79,78,79,80,80,75,79,87,67,82,CDM,4,3,Right,"178cm / 5'10""",77kg / 170lb,CM,31,Japan,Premier League,Liverpool,"Press Proven, Relentless",https://www.ea.com/games/ea-sports-fc/ratings/player-ratings/wataru-endo/232487,,,,,
395,395,577,Joe Gomez,80,82,28,71,72,80,79,75,87,56,20,46,22,24,26,65,73,29,78,76,55,72,64,62,78,75,74,80,75,79,82,79,86,75,81,79,CB,3,3,Right,"188cm / 6'2""",77kg / 170lb,"RB, LB",27,England,Premier League,Liverpool,"Block, Long Throw",https://www.ea.com/games/ea-sports-fc/ratings/player-ratings/joe-gomez/225100,,,,,
532,532,736,Curtis Jones,79,68,71,75,81,70,75,68,68,77,68,76,73,67,60,76,65,51,83,76,74,83,76,72,79,82,82,71,52,71,76,68,68,82,72,74,CM,4,4,Right,"185cm / 6'1""",75kg / 165lb,CAM,23,England,Premier League,Liverpool,"Finesse Shot, Flair, Press Proven",https://www.ea.com/games/ea-sports-fc/ratings/player-ratings/curtis-jones/242434,,,,,
674,674,970,Harvey Elliott,78,74,71,77,81,53,50,78,71,80,64,78,81,62,59,81,77,62,79,72,71,81,90,90,75,79,78,54,40,52,58,48,49,75,34,61,CAM,3,4,Left,"168cm / 5'6""",64kg / 141lb,"CM, RW",21,England,Premier League,Liverpool,"Finesse Shot, Flair, Trivela",https://www.ea.com/games/ea-sports-fc/ratings/player-ratings/harvey-elliott/246174,,,,,
692,692,970,Ryan Gravenberch,78,71,76,77,81,68,73,72,70,77,76,78,79,69,58,81,73,69,80,76,74,84,77,69,74,83,76,73,58,69,69,59,74,77,75,61,CM,4,4,Right,"190cm / 6'3""",77kg / 170lb,CDM,22,Holland,Premier League,Liverpool,"Flair, Technical",https://www.ea.com/games/ea-sports-fc/ratings/player-ratings/ryan-gravenberch/246104,,,,,
918,918,1218,Caoimhin Kelleher,77,76,74,77,78,43,76,45,39,4,6,58,8,9,30,53,13,11,48,50,12,25,44,48,74,37,65,12,13,18,10,14,66,19,70,21,GK,4,1,Right,"188cm / 6'2""",81kg / 179lb,,25,Republic of Ireland,Premier League,Liverpool,,https://www.ea.com/games/ea-sports-fc/ratings/player-ratings/caoimhin-kelleher/240913,76.0,74.0,77.0,76.0,78.0
1027,1027,1218,Konstantinos Tsimikas,77,80,57,74,75,73,78,83,78,75,48,69,64,37,54,72,81,68,73,71,75,76,77,73,74,75,71,76,55,73,76,75,79,77,77,80,LB,3,3,Left,"179cm / 5'10""",77kg / 170lb,,28,Greece,Premier League,Liverpool,Rapid,https://www.ea.com/games/ea-sports-fc/ratings/player-ratings/konstantinos-tsimikas/232223,,,,,
1372,1372,1888,Conor Bradley,75,82,59,66,73,70,72,81,83,71,60,66,56,50,39,66,72,33,70,61,57,74,71,66,73,74,67,71,58,68,74,69,73,84,61,83,RB,3,3,Right,"181cm / 5'11""",71kg / 157lb,,21,Northern Ireland,Premier League,Liverpool,"Block, Relentless",https://www.ea.com/games/ea-sports-fc/ratings/player-ratings/conor-bradley/264298,,,,,
1580,1580,1888,Jarell Quansah,75,74,34,59,68,74,77,69,78,36,26,54,28,41,45,54,38,37,71,74,48,69,53,56,71,71,76,73,74,75,74,76,82,72,79,75,CB,3,2,Right,"190cm / 6'3""",80kg / 176lb,,21,England,Premier League,Liverpool,Slide Tackle,https://www.ea.com/games/ea-sports-fc/ratings/player-ratings/jarell-quansah/273651,,,,,
3064,3064,3521,Tyler Morton,72,64,59,74,73,66,66,67,61,67,55,62,64,57,57,74,70,71,76,76,74,73,72,70,72,75,75,66,59,67,68,68,65,77,59,70,CDM,3,3,Right,"178cm / 5'10""",73kg / 161lb,CM,21,England,Premier League,Liverpool,Long Ball Pass,https://www.ea.com/games/ea-sports-fc/ratings/player-ratings/tyler-morton/265459,,,,,
4588,4588,5037,Diego Rodríguez,70,64,56,66,67,67,70,69,60,46,45,72,68,44,59,61,65,51,72,70,59,62,74,69,72,71,68,64,67,66,69,70,71,78,64,75,CDM,3,2,Right,"169cm / 5'7""",67kg / 148lb,CM,35,Uruguay,Libertadores,Liverpool,,https://www.ea.com/games/ea-sports-fc/ratings/player-ratings/diego-rodriguez/213974,,,,,
5072,5072,5902,Diego García,69,75,57,69,72,49,46,74,76,65,60,60,46,50,53,71,62,52,74,70,62,73,78,85,63,68,67,45,52,45,54,55,51,54,33,68,LM,3,4,Right,"168cm / 5'6""",64kg / 141lb,"LW, CAM",27,Uruguay,Libertadores,Liverpool,Trickster,https://www.ea.com/games/ea-sports-fc/ratings/player-ratings/diego-garcia/251831,,,,,
42,42,65,Emiliano Martínez,87,84,82,83,86,56,87,55,57,12,16,62,16,13,43,67,22,20,61,59,22,23,54,49,84,43,69,21,26,25,20,20,79,40,78,37,GK,4,1,Right,"195cm / 6'5""",88kg / 194lb,,32,Argentina,Premier League,Aston Villa,"1v1 Close Down+, Footwork",https://www.ea.com/games/ea-sports-fc/ratings/player-ratings/emiliano-martinez/202811,84.0,82.0,83.0,87.0,86.0
90,90,101,Ollie Watkins,85,85,83,73,80,50,83,79,89,87,86,84,76,80,74,77,67,63,79,64,74,81,79,76,85,79,81,55,84,45,46,36,91,88,82,76,ST,4,3,Right,"180cm / 5'11""",70kg / 154lb,,28,England,Premier League,Aston Villa,"Chip Shot, Rapid, Relentless",https://www.ea.com/games/ea-sports-fc/ratings/player-ratings/ollie-watkins/221697,,,,,
197,197,322,Leon Bailey,82,90,78,77,86,38,62,93,87,81,79,79,77,73,71,82,77,79,78,65,79,88,91,88,80,85,75,28,57,45,34,29,76,68,61,55,RM,2,4,Left,"178cm / 5'10""",77kg / 170lb,"ST, RW",27,Jamaica,Premier League,Aston Villa,"Flair, Quick Step, Technical",https://www.ea.com/games/ea-sports-fc/ratings/player-ratings/leon-bailey/229906,,,,,
223,223,322,Pau Torres,82,70,41,77,70,83,79,66,73,63,31,58,40,41,42,77,64,54,84,86,74,64,64,52,80,80,85,83,85,83,83,82,85,78,78,79,CB,3,2,Left,"191cm / 6'3""",80kg / 176lb,,27,Spain,Premier League,Aston Villa,Long Ball Pass,https://www.ea.com/games/ea-sports-fc/ratings/player-ratings/pau-torres/241464,,,,,
237,237,322,Boubacar Kamara,82,66,54,74,75,83,80,64,68,52,47,67,63,28,63,73,64,47,84,77,59,73,66,65,75,80,86,85,72,83,85,80,79,81,80,78,CDM,3,3,Right,"184cm / 6'0""",68kg / 150lb,CM,24,France,Premier League,Aston Villa,"Block, Intercept",https://www.ea.com/games/ea-sports-fc/ratings/player-ratings/boubacar-kamara/236987,,,,,
250,250,322,John McGinn,82,68,77,80,82,78,85,72,64,78,77,84,77,75,55,82,75,61,83,83,76,83,77,85,81,83,79,81,57,79,82,78,77,92,82,86,CM,2,3,Left,"178cm / 5'10""",68kg / 150lb,"CDM, RM",29,Scotland,Premier League,Aston Villa,"Long Ball Pass, Press Proven, Relentless",https://www.ea.com/games/ea-sports-fc/ratings/player-ratings/john-mc-ginn/210881,,,,,
312,312,458,Ezri Konsa,81,76,48,71,76,83,78,72,80,50,50,64,32,43,38,74,63,38,80,73,54,75,67,68,83,78,84,82,78,84,84,80,85,79,78,75,CB,3,2,Right,"183cm / 6'0""",77kg / 170lb,RB,26,England,Premier League,Aston Villa,"Anticipate, Jockey, Slide Tackle",https://www.ea.com/games/ea-sports-fc/ratings/player-ratings/ezri-konsa/227678,,,,,
341,341,458,Youri Tielemans,81,44,79,83,79,69,70,52,38,80,77,85,80,79,75,84,78,78,85,85,83,78,62,75,80,84,85,68,65,72,68,67,68,72,72,64,CM,5,4,Right,"176cm / 5'9""",72kg / 159lb,"CDM, CAM",27,Belgium,Premier League,Aston Villa,"Incisive Pass, Long Ball Pass, Pinged Pass, Power Shot",https://www.ea.com/games/ea-sports-fc/ratings/player-ratings/youri-tielemans/216393,,,,,
437,437,577,Diego Carlos,80,63,47,63,67,79,76,55,70,52,32,73,57,34,41,63,35,71,75,76,47,65,62,47,80,72,75,81,77,79,80,78,83,50,87,81,CB,4,3,Right,"186cm / 6'1""",79kg / 174lb,,31,Brazil,Premier League,Aston Villa,"Anticipate, Long Ball Pass",https://www.ea.com/games/ea-sports-fc/ratings/player-ratings/diego-carlos/219693,,,,,
487,487,736,Matty Cash,79,77,66,71,75,75,76,76,77,71,66,77,64,55,44,66,77,48,74,71,70,75,73,70,79,76,72,76,49,77,80,80,68,86,68,84,RB,2,3,Right,"185cm / 6'1""",74kg / 163lb,RM,27,Poland,Premier League,Aston Villa,"Intercept, Long Throw, Rapid, Whipped Pass",https://www.ea.com/games/ea-sports-fc/ratings/player-ratings/matty-cash/227174,,,,,
501,501,736,Lucas Digne,79,73,68,78,76,76,74,76,70,73,60,81,76,68,60,75,86,83,77,73,83,76,72,78,76,77,79,75,71,76,77,78,80,80,69,76,LB,1,3,Left,"178cm / 5'10""",74kg / 163lb,,31,France,Premier League,Aston Villa,"Long Throw, Whipped Pass",https://www.ea.com/games/ea-sports-fc/ratings/player-ratings/lucas-digne/200458,,,,,
555,555,736,Ian Maatsen,79,86,65,75,81,72,63,88,85,68,64,72,68,57,45,72,77,62,80,70,71,81,86,86,78,81,74,74,58,72,72,78,70,74,52,73,LB,4,3,Left,"178cm / 5'10""",63kg / 139lb,,22,Holland,Premier League,Aston Villa,"Rapid, Slide Tackle",https://www.ea.com/games/ea-sports-fc/ratings/player-ratings/ian-maatsen/248465,,,,,
568,568,736,Tyrone Mings,79,64,44,67,64,78,80,55,72,53,37,61,42,34,45,57,70,37,75,75,53,68,34,46,76,67,71,77,77,79,78,80,83,62,86,86,CB,2,3,Left,"196cm / 6'5""",77kg / 170lb,,31,England,Premier League,Aston Villa,"Aerial, Bruiser, Long Ball Pass",https://www.ea.com/games/ea-sports-fc/ratings/player-ratings/tyrone-mings/212419,,,,,
637,637,970,Ross Barkley,78,53,75,78,77,63,74,54,53,76,73,83,79,62,65,80,71,73,81,80,69,79,65,61,79,80,81,59,68,60,68,63,72,74,76,71,CM,5,4,Right,"186cm / 6'1""",76kg / 168lb,CAM,30,England,Premier League,Aston Villa,,https://www.ea.com/games/ea-sports-fc/ratings/player-ratings/ross-barkley/199189,,,,,
651,651,970,Emiliano Buendía,78,69,74,80,82,66,66,74,65,75,74,77,73,68,62,83,78,74,82,78,81,83,80,89,74,83,77,60,75,67,68,61,78,54,63,83,RM,4,4,Right,"172cm / 5'8""",72kg / 159lb,"CAM, RW",27,Argentina,Premier League,Aston Villa,"Flair, Incisive Pass, Slide Tackle, Technical",https://www.ea.com/games/ea-sports-fc/ratings/player-ratings/emiliano-buendia/226162,,,,,
749,749,970,Amadou Onana,78,72,59,71,72,76,79,64,78,67,57,69,58,51,39,78,58,42,79,77,58,75,49,52,75,77,73,76,72,74,77,79,81,76,81,78,CDM,4,3,Right,"192cm / 6'4""",76kg / 168lb,CM,23,Belgium,Premier League,Aston Villa,"Press Proven, Slide Tackle",https://www.ea.com/games/ea-sports-fc/ratings/player-ratings/amadou-onana/257057,,,,,
762,762,970,Jacob Ramsey,78,78,75,73,80,68,74,77,78,78,77,78,75,65,53,75,71,54,77,69,73,81,79,85,79,78,78,67,56,69,73,64,75,79,72,73,LM,4,3,Right,"180cm / 5'11""",72kg / 159lb,"CM, RM, LW",23,England,Premier League,Aston Villa,Rapid,https://www.ea.com/games/ea-sports-fc/ratings/player-ratings/jacob-ramsey/246923,,,,,
1572,1572,1888,Jaden Philogene,75,85,71,69,78,37,59,82,87,72,74,72,71,57,59,70,71,49,72,63,74,80,84,71,69,76,73,29,44,37,40,37,63,71,59,45,LM,5,4,Right,"179cm / 5'10""",67kg / 148lb,"RM, LW",22,England,Premier League,Aston Villa,"Flair, Technical",https://www.ea.com/games/ea-sports-fc/ratings/player-ratings/jaden-philogene/261336,,,,,
1599,1599,1888,Morgan Rogers,75,77,71,71,77,56,71,74,79,69,76,75,63,56,60,72,74,55,74,62,74,81,68,77,72,75,77,50,56,52,67,49,76,64,77,62,LM,4,3,Right,"188cm / 6'2""",80kg / 176lb,"CAM, LW",22,England,Premier League,Aston Villa,"Flair, Technical",https://www.ea.com/games/ea-sports-fc/ratings/player-ratings/morgan-rogers/260247,,,,,
1804,1804,2318,Jhon Durán,74,78,75,58,71,32,77,74,81,72,75,85,72,70,51,50,53,48,68,58,52,72,68,69,71,73,64,28,64,26,33,22,80,69,79,83,ST,2,2,Left,"187cm / 6'2""",70kg / 154lb,,20,Colombia,Premier League,Aston Villa,,https://www.ea.com/games/ea-sports-fc/ratings/player-ratings/jhon-duran/247172,,,,,
1992,1992,2318,Robin Olsen,74,74,70,76,74,35,76,31,40,13,11,57,14,16,26,59,20,16,32,50,18,11,32,33,68,18,45,20,16,22,12,16,65,37,75,27,GK,2,1,Right,"198cm / 6'6""",89kg / 196lb,,34,Sweden,Premier League,Aston Villa,,https://www.ea.com/games/ea-sports-fc/ratings/player-ratings/robin-olsen/207557,74.0,70.0,76.0,76.0,74.0
2924,2924,3521,Kortney Hause,72,52,44,58,57,71,71,50,53,32,35,66,50,31,40,56,58,26,66,63,36,54,49,53,67,63,60,71,69,72,70,70,76,34,86,78,CB,2,2,Left,"191cm / 6'3""",77kg / 170lb,,29,England,Premier League,Aston Villa,,https://www.ea.com/games/ea-sports-fc/ratings/player-ratings/kortney-hause/210635,,,,,
5949,5949,6884,Joe Gauci,68,71,65,60,72,30,64,27,35,8,5,45,5,5,17,27,9,10,22,24,9,14,40,35,60,13,40,19,10,20,10,10,56,27,65,26,GK,3,1,Right,"194cm / 6'4""",87kg / 192lb,,24,Australia,Premier League,Aston Villa,"Cross Claimer, Far Throw",https://www.ea.com/games/ea-sports-fc/ratings/player-ratings/joe-gauci/243917,71.0,65.0,60.0,64.0,72.0
9859,9859,11203,Lamare Bogarde,64,64,46,57,61,63,69,65,63,50,44,56,38,41,55,49,53,43,65,60,54,60,58,65,59,64,62,63,60,61,66,62,73,59,75,67,CDM,4,2,Right,"183cm / 6'0""",70kg / 154lb,"CM, CB",20,Holland,Premier League,Aston Villa,Slide Tackle,https://www.ea.com/games/ea-sports-fc/ratings/player-ratings/lamare-bogarde/264209,,,,,
11650,11650,12239,Oliwier Zych,63,62,64,69,61,23,64,17,31,8,9,52,8,7,15,29,14,11,27,46,13,13,29,24,52,15,43,8,13,5,11,11,52,25,62,20,GK,3,1,Right,"193cm / 6'4""",86kg / 190lb,,20,Poland,Premier League,Aston Villa,,https://www.ea.com/games/ea-sports-fc/ratings/player-ratings/oliwier-zych/271411,62.0,64.0,69.0,64.0,61.0
